cell_id,latitude,longitude,n_trees,AGB_kg,AGB_Mg_ha
c0_10,23.0359356,72.5489647,8,1828.78,45.72
c0_15,23.0368349,72.5489647,16,1456.46,36.412
c0_12,23.0362953,72.5489647,7,1349.7,33.743
c0_22,23.0380939,72.5489647,2,896.92,22.423
c0_18,23.0373745,72.5489647,4,1261.54,31.538
c0_11,23.0361154,72.5489647,16,3163.07,79.077
c0_19,23.0375544,72.5489647,4,719.61,17.99
c0_14,23.036655,72.5489647,15,2011.94,50.299
c0_17,23.0371946,72.5489647,8,4923.64,123.091
c0_13,23.0364752,72.5489647,2,2669.36,66.734
c0_9,23.0357557,72.5489647,3,4384.38,109.61
c0_20,23.0377342,72.5489647,4,1213.43,30.336
c0_16,23.0370148,72.5489647,7,1072.27,26.807
c0_23,23.0382738,72.5489647,2,5795.5,144.888
c0_24,23.0384537,72.5489647,5,1703.7,42.593
c0_25,23.0386335,72.5489647,3,2010.15,50.254
c0_7,23.035396,72.5489647,4,1629.61,40.74
c0_8,23.0355758,72.5489647,4,713.16,17.829
c0_6,23.0352161,72.5489647,1,0.41,0.01
c0_21,23.0379141,72.5489647,3,208.37,5.209
c0_5,23.0350363,72.5489647,1,96.74,2.418
c1_9,23.0357557,72.5491602,29,4517.56,112.939
c1_5,23.0350363,72.5491602,1,84.23,2.106
c1_11,23.0361154,72.5491602,13,1845.04,46.126
c1_19,23.0375544,72.5491602,9,1501.39,37.535
c1_18,23.0373745,72.5491602,2,958.81,23.97
c1_6,23.0352161,72.5491602,6,1066.27,26.657
c1_8,23.0355758,72.5491602,15,1383.71,34.593
c1_12,23.0362953,72.5491602,4,5082.34,127.058
c1_4,23.0348564,72.5491602,6,1808.16,45.204
c1_21,23.0379141,72.5491602,3,244.29,6.107
c1_7,23.035396,72.5491602,6,1044.31,26.108
c1_26,23.0388134,72.5491602,2,2477.05,61.926
c1_22,23.0380939,72.5491602,3,6.73,0.168
c1_10,23.0359356,72.5491602,7,1763.53,44.088
c1_3,23.0346765,72.5491602,5,1541.07,38.527
c1_13,23.0364752,72.5491602,1,3390.67,84.767
c1_2,23.0344967,72.5491602,4,442.69,11.067
c1_17,23.0371946,72.5491602,4,574.41,14.36
c1_16,23.0370148,72.5491602,2,3532.63,88.316
c1_1,23.0343168,72.5491602,3,946.03,23.651
c1_20,23.0377342,72.5491602,1,349.47,8.737
c1_0,23.0341369,72.5491602,4,619.88,15.497
c1_25,23.0386335,72.5491602,1,17.18,0.43
c1_24,23.0384537,72.5491602,1,13.68,0.342
c2_3,23.0346765,72.5493556,1,7637.77,190.944
c2_4,23.0348564,72.5493556,7,1335.44,33.386
c2_12,23.0362953,72.5493556,2,11788.36,294.709
c2_6,23.0352161,72.5493556,4,3094.85,77.371
c2_11,23.0361154,72.5493556,6,1559.3,38.983
c2_17,23.0371946,72.5493556,3,496.2,12.405
c2_9,23.0357557,72.5493556,7,1267.25,31.681
c2_7,23.035396,72.5493556,10,401.75,10.044
c2_5,23.0350363,72.5493556,7,1938.36,48.459
c2_16,23.0370148,72.5493556,4,24.36,0.609
c2_10,23.0359356,72.5493556,7,4903.88,122.597
c2_1,23.0343168,72.5493556,2,1742.12,43.553
c2_13,23.0364752,72.5493556,5,2939.76,73.494
c2_0,23.0341369,72.5493556,3,803.39,20.085
c2_25,23.0386335,72.5493556,2,5363.96,134.099
c2_24,23.0384537,72.5493556,2,303.99,7.6
c2_26,23.0388134,72.5493556,2,984.2,24.605
c2_23,23.0382738,72.5493556,3,627.09,15.677
c2_20,23.0377342,72.5493556,2,720.28,18.007
c2_21,23.0379141,72.5493556,1,0.06,0.001
c2_18,23.0373745,72.5493556,4,1605.16,40.129
c2_19,23.0375544,72.5493556,2,161.02,4.026
c2_15,23.0368349,72.5493556,1,159.66,3.992
c2_8,23.0355758,72.5493556,5,223.83,5.596
c2_22,23.0380939,72.5493556,3,1852.15,46.304
c2_2,23.0344967,72.5493556,1,892.69,22.317
c3_18,23.0373745,72.5495511,1,193.4,4.835
c3_22,23.0380939,72.5495511,3,287.53,7.188
c3_8,23.0355758,72.5495511,7,3527.65,88.191
c3_14,23.036655,72.5495511,4,217.62,5.441
c3_19,23.0375544,72.5495511,5,1671.19,41.78
c3_9,23.0357557,72.5495511,5,2705.37,67.634
c3_4,23.0348564,72.5495511,6,1076.68,26.917
c3_2,23.0344967,72.5495511,3,188.72,4.718
c3_13,23.0364752,72.5495511,6,304.98,7.624
c3_16,23.0370148,72.5495511,7,907.29,22.682
c3_17,23.0371946,72.5495511,9,933.71,23.343
c3_15,23.0368349,72.5495511,4,1585.35,39.634
c3_0,23.0341369,72.5495511,2,136.68,3.417
c3_6,23.0352161,72.5495511,1,372.6,9.315
c3_26,23.0388134,72.5495511,2,164.8,4.12
c3_1,23.0343168,72.5495511,2,106.32,2.658
c3_12,23.0362953,72.5495511,3,568.79,14.22
c3_11,23.0361154,72.5495511,4,397.56,9.939
c3_10,23.0359356,72.5495511,8,129.2,3.23
c3_25,23.0386335,72.5495511,3,627.92,15.698
c3_20,23.0377342,72.5495511,2,10176.77,254.419
c3_7,23.035396,72.5495511,4,3.19,0.08
c3_21,23.0379141,72.5495511,2,221.95,5.549
c4_22,23.0380939,72.5497465,4,89.5,2.237
c4_10,23.0359356,72.5497465,9,633.54,15.838
c4_11,23.0361154,72.5497465,5,833.81,20.845
c4_25,23.0386335,72.5497465,7,1615.92,40.398
c4_3,23.0346765,72.5497465,9,2911.3,72.783
c4_12,23.0362953,72.5497465,1,247.92,6.198
c4_9,23.0357557,72.5497465,5,6709.34,167.734
c4_19,23.0375544,72.5497465,2,698.28,17.457
c4_13,23.0364752,72.5497465,4,4307.39,107.685
c4_4,23.0348564,72.5497465,8,1144.31,28.608
c4_14,23.036655,72.5497465,5,202.06,5.051
c4_7,23.035396,72.5497465,8,367.68,9.192
c4_16,23.0370148,72.5497465,6,720.5,18.012
c4_21,23.0379141,72.5497465,1,519.81,12.995
c4_1,23.0343168,72.5497465,18,83.95,2.099
c4_5,23.0350363,72.5497465,5,44.47,1.112
c4_24,23.0384537,72.5497465,4,5996.38,149.909
c4_8,23.0355758,72.5497465,4,570.14,14.253
c4_6,23.0352161,72.5497465,1,94.93,2.373
c5_7,23.035396,72.549942,7,161.66,4.042
c5_10,23.0359356,72.549942,13,1555.81,38.895
c5_11,23.0361154,72.549942,5,2125.21,53.13
c5_25,23.0386335,72.549942,5,122.85,3.071
c5_5,23.0350363,72.549942,6,399.27,9.982
c5_16,23.0370148,72.549942,3,41.38,1.034
c5_1,23.0343168,72.549942,18,35.84,0.896
c5_13,23.0364752,72.549942,3,1814.64,45.366
c5_26,23.0388134,72.549942,2,1922.82,48.071
c5_3,23.0346765,72.549942,6,907.81,22.695
c5_14,23.036655,72.549942,11,366.1,9.153
c5_4,23.0348564,72.549942,6,3744.94,93.624
c5_24,23.0384537,72.549942,2,65.69,1.642
c5_8,23.0355758,72.549942,9,3402.96,85.074
c5_21,23.0379141,72.549942,1,31.84,0.796
c5_20,23.0377342,72.549942,3,6190.49,154.762
c5_6,23.0352161,72.549942,4,1938.66,48.466
c5_12,23.0362953,72.549942,1,200.65,5.016
c5_9,23.0357557,72.549942,4,179.63,4.491
c5_18,23.0373745,72.549942,1,110.93,2.773
c6_1,23.0343168,72.5501374,4,10.76,0.269
c6_9,23.0357557,72.5501374,15,711.06,17.776
c6_3,23.0346765,72.5501374,1,105.58,2.639
c6_12,23.0362953,72.5501374,3,1008.68,25.217
c6_13,23.0364752,72.5501374,7,3676.51,91.913
c6_8,23.0355758,72.5501374,6,3159.26,78.981
c6_10,23.0359356,72.5501374,4,15143.96,378.599
c6_25,23.0386335,72.5501374,2,656.2,16.405
c6_14,23.036655,72.5501374,8,328.89,8.222
c6_19,23.0375544,72.5501374,2,2824.91,70.623
c6_11,23.0361154,72.5501374,4,1396.29,34.907
c6_15,23.0368349,72.5501374,3,3347.51,83.688
c6_4,23.0348564,72.5501374,5,2223.73,55.593
c6_24,23.0384537,72.5501374,6,4748.35,118.709
c6_20,23.0377342,72.5501374,2,817.91,20.448
c6_6,23.0352161,72.5501374,10,326.21,8.155
c6_7,23.035396,72.5501374,11,246.51,6.163
c6_23,23.0382738,72.5501374,2,278.17,6.954
c6_2,23.0344967,72.5501374,21,60.11,1.503
c6_21,23.0379141,72.5501374,2,2400.58,60.015
c6_26,23.0388134,72.5501374,3,151.92,3.798
c6_5,23.0350363,72.5501374,5,9671.19,241.78
c6_18,23.0373745,72.5501374,2,45.91,1.148
c6_17,23.0371946,72.5501374,1,32.91,0.823
c6_16,23.0370148,72.5501374,4,710.35,17.759
c6_22,23.0380939,72.5501374,1,1099.96,27.499
c7_6,23.0352161,72.5503329,2,202.9,5.072
c7_11,23.0361154,72.5503329,9,981.2,24.53
c7_2,23.0344967,72.5503329,14,105.97,2.649
c7_7,23.035396,72.5503329,5,3938.61,98.465
c7_15,23.0368349,72.5503329,4,3190.09,79.752
c7_16,23.0370148,72.5503329,4,807.73,20.193
c7_25,23.0386335,72.5503329,7,9616.97,240.424
c7_17,23.0371946,72.5503329,2,3217.21,80.43
c7_24,23.0384537,72.5503329,10,1156.95,28.924
c7_23,23.0382738,72.5503329,6,68.71,1.718
c7_8,23.0355758,72.5503329,4,705.06,17.627
c7_9,23.0357557,72.5503329,6,792.06,19.802
c7_18,23.0373745,72.5503329,5,7177.12,179.428
c7_4,23.0348564,72.5503329,1,2720.29,68.007
c7_10,23.0359356,72.5503329,5,1036.22,25.905
c7_3,23.0346765,72.5503329,7,49.43,1.236
c7_5,23.0350363,72.5503329,3,1745.2,43.63
c7_14,23.036655,72.5503329,2,2173.69,54.342
c7_13,23.0364752,72.5503329,1,1097.26,27.431
c7_12,23.0362953,72.5503329,1,11912.69,297.817
c7_22,23.0380939,72.5503329,3,4840.6,121.015
c7_20,23.0377342,72.5503329,2,4063.33,101.583
c8_25,23.0386335,72.5505283,7,2484.11,62.103
c8_12,23.0362953,72.5505283,2,1027.7,25.693
c8_23,23.0382738,72.5505283,3,504.36,12.609
c8_21,23.0379141,72.5505283,7,1605.25,40.131
c8_10,23.0359356,72.5505283,4,48.71,1.218
c8_24,23.0384537,72.5505283,9,2184.55,54.614
c8_22,23.0380939,72.5505283,2,1375.03,34.376
c8_26,23.0388134,72.5505283,3,633.69,15.842
c8_11,23.0361154,72.5505283,5,1046.15,26.154
c8_14,23.036655,72.5505283,3,2055.73,51.393
c8_20,23.0377342,72.5505283,3,542.0,13.55
c8_7,23.035396,72.5505283,2,936.48,23.412
c8_8,23.0355758,72.5505283,1,419.93,10.498
c8_19,23.0375544,72.5505283,3,665.36,16.634
c8_13,23.0364752,72.5505283,1,479.3,11.982
c8_2,23.0344967,72.5505283,1,47.58,1.189
c8_6,23.0352161,72.5505283,1,918.09,22.952
c9_21,23.0379141,72.5507238,6,393.64,9.841
c9_11,23.0361154,72.5507238,5,312.84,7.821
c9_12,23.0362953,72.5507238,6,4356.12,108.903
c9_22,23.0380939,72.5507238,8,603.76,15.094
c9_19,23.0375544,72.5507238,4,465.88,11.647
c9_26,23.0388134,72.5507238,1,75.08,1.877
c9_10,23.0359356,72.5507238,1,0.86,0.021
c9_6,23.0352161,72.5507238,1,906.25,22.656
c9_23,23.0382738,72.5507238,12,1906.59,47.665
c9_20,23.0377342,72.5507238,6,1096.09,27.402
c9_14,23.036655,72.5507238,5,3790.82,94.77
c9_24,23.0384537,72.5507238,5,555.52,13.888
c9_25,23.0386335,72.5507238,7,144.21,3.605
c9_18,23.0373745,72.5507238,6,185.37,4.634
c9_17,23.0371946,72.5507238,2,109.47,2.737
c9_15,23.0368349,72.5507238,6,40.59,1.015
c9_16,23.0370148,72.5507238,2,132.29,3.307
c9_5,23.0350363,72.5507238,1,1739.08,43.477
c9_7,23.035396,72.5507238,1,1102.31,27.558
c9_9,23.0357557,72.5507238,2,928.79,23.22
c9_13,23.0364752,72.5507238,1,44.58,1.115
c10_25,23.0386335,72.5509192,10,975.42,24.385
c10_14,23.036655,72.5509192,7,1227.49,30.687
c10_8,23.0355758,72.5509192,11,3714.09,92.852
c10_19,23.0375544,72.5509192,6,291.43,7.286
c10_26,23.0388134,72.5509192,4,433.63,10.841
c10_15,23.0368349,72.5509192,16,702.02,17.55
c10_13,23.0364752,72.5509192,11,1643.02,41.076
c10_16,23.0370148,72.5509192,14,675.33,16.883
c10_12,23.0362953,72.5509192,3,394.39,9.86
c10_7,23.035396,72.5509192,7,625.27,15.632
c10_5,23.0350363,72.5509192,4,1151.44,28.786
c10_24,23.0384537,72.5509192,1,7.16,0.179
c10_20,23.0377342,72.5509192,8,182.98,4.575
c10_10,23.0359356,72.5509192,7,3456.4,86.41
c10_6,23.0352161,72.5509192,10,8471.3,211.782
c10_23,23.0382738,72.5509192,1,896.97,22.424
c10_9,23.0357557,72.5509192,19,6628.05,165.701
c10_4,23.0348564,72.5509192,4,3671.48,91.787
c10_3,23.0346765,72.5509192,2,1629.03,40.726
c10_11,23.0361154,72.5509192,13,1302.25,32.556
c10_18,23.0373745,72.5509192,3,256.96,6.424
c11_26,23.0388134,72.5511147,4,118.26,2.957
c11_20,23.0377342,72.5511147,5,230.01,5.75
c11_15,23.0368349,72.5511147,9,519.36,12.984
c11_6,23.0352161,72.5511147,3,383.46,9.586
c11_5,23.0350363,72.5511147,5,8323.57,208.089
c11_25,23.0386335,72.5511147,2,177.58,4.439
c11_9,23.0357557,72.5511147,2,271.75,6.794
c11_7,23.035396,72.5511147,3,3230.22,80.756
c11_13,23.0364752,72.5511147,3,217.18,5.43
c11_8,23.0355758,72.5511147,11,848.28,21.207
c11_18,23.0373745,72.5511147,5,364.85,9.121
c11_19,23.0375544,72.5511147,4,163.44,4.086
c11_16,23.0370148,72.5511147,4,300.73,7.518
c11_4,23.0348564,72.5511147,3,1533.41,38.335
c11_17,23.0371946,72.5511147,2,43.98,1.099
c11_14,23.036655,72.5511147,4,6971.79,174.295
c11_11,23.0361154,72.5511147,2,307.39,7.685
c11_23,23.0382738,72.5511147,1,1907.63,47.691
c11_3,23.0346765,72.5511147,2,5804.93,145.123
c11_24,23.0384537,72.5511147,1,68.65,1.716
c12_25,23.0386335,72.5513101,5,417.93,10.448
c12_26,23.0388134,72.5513101,5,103.24,2.581
c12_13,23.0364752,72.5513101,2,44.04,1.101
c12_8,23.0355758,72.5513101,10,2512.69,62.817
c12_11,23.0361154,72.5513101,4,8154.01,203.85
c12_14,23.036655,72.5513101,13,259.73,6.493
c12_4,23.0348564,72.5513101,6,6120.95,153.024
c12_15,23.0368349,72.5513101,3,221.05,5.526
c12_9,23.0357557,72.5513101,4,1997.91,49.948
c12_24,23.0384537,72.5513101,3,1124.35,28.109
c12_10,23.0359356,72.5513101,5,6036.87,150.922
c12_3,23.0346765,72.5513101,1,62.69,1.567
c12_7,23.035396,72.5513101,1,40.17,1.004
c12_2,23.0344967,72.5513101,1,316.71,7.918
c12_6,23.0352161,72.5513101,6,8.51,0.213
c13_20,23.0377342,72.5515056,4,2857.48,71.437
c13_8,23.0355758,72.5515056,5,36.61,0.915
c13_6,23.0352161,72.5515056,13,275.32,6.883
c13_2,23.0344967,72.5515056,2,3326.23,83.156
c13_15,23.0368349,72.5515056,2,221.31,5.533
c13_7,23.035396,72.5515056,6,278.32,6.958
c13_4,23.0348564,72.5515056,8,187.84,4.696
c13_25,23.0386335,72.5515056,6,290.51,7.263
c13_13,23.0364752,72.5515056,2,2291.37,57.284
c13_9,23.0357557,72.5515056,6,2578.16,64.454
c13_14,23.036655,72.5515056,7,4582.05,114.551
c13_26,23.0388134,72.5515056,4,78.61,1.965
c13_21,23.0379141,72.5515056,3,1502.06,37.552
c13_23,23.0382738,72.5515056,2,2459.81,61.495
c13_22,23.0380939,72.5515056,1,4117.67,102.942
c13_24,23.0384537,72.5515056,1,783.68,19.592
c13_3,23.0346765,72.5515056,1,2021.74,50.543
c14_14,23.036655,72.551701,11,2564.69,64.117
c14_20,23.0377342,72.551701,2,1296.24,32.406
c14_9,23.0357557,72.551701,6,2859.95,71.499
c14_19,23.0375544,72.551701,3,4525.84,113.146
c14_2,23.0344967,72.551701,4,3899.22,97.481
c14_15,23.0368349,72.551701,9,1362.16,34.054
c14_18,23.0373745,72.551701,6,748.19,18.705
c14_3,23.0346765,72.551701,4,1344.93,33.623
c14_21,23.0379141,72.551701,1,9.56,0.239
c14_26,23.0388134,72.551701,6,715.45,17.886
c14_16,23.0370148,72.551701,6,1289.22,32.231
c14_23,23.0382738,72.551701,1,0.06,0.001
c14_17,23.0371946,72.551701,4,3138.18,78.454
c15_8,23.0355758,72.5518965,5,116.33,2.908
c15_14,23.036655,72.5518965,6,1.93,0.048
c15_20,23.0377342,72.5518965,3,34.61,0.865
c15_2,23.0344967,72.5518965,2,2565.09,64.127
c15_9,23.0357557,72.5518965,17,3180.69,79.517
c15_26,23.0388134,72.5518965,3,347.8,8.695
c15_5,23.0350363,72.5518965,2,2.41,0.06
c15_13,23.0364752,72.5518965,3,583.66,14.591
c15_15,23.0368349,72.5518965,3,1456.12,36.403
c15_25,23.0386335,72.5518965,2,302.33,7.558
c15_4,23.0348564,72.5518965,1,45.1,1.128
c15_22,23.0380939,72.5518965,5,28.21,0.705
c15_18,23.0373745,72.5518965,15,42.18,1.054
c15_21,23.0379141,72.5518965,6,11.78,0.295
c16_2,23.0344967,72.5520919,1,1032.85,25.821
c16_3,23.0346765,72.5520919,11,5791.37,144.784
c16_26,23.0388134,72.5520919,6,924.92,23.123
c16_8,23.0355758,72.5520919,3,14.1,0.353
c16_14,23.036655,72.5520919,9,300.93,7.523
c16_7,23.035396,72.5520919,9,3365.67,84.142
c16_23,23.0382738,72.5520919,4,2.24,0.056
c16_9,23.0357557,72.5520919,10,6455.98,161.4
c16_6,23.0352161,72.5520919,8,775.82,19.396
c16_19,23.0375544,72.5520919,1,4.62,0.116
c16_21,23.0379141,72.5520919,17,164.91,4.123
c16_22,23.0380939,72.5520919,13,1000.62,25.015
c16_17,23.0371946,72.5520919,2,33.98,0.849
c16_20,23.0377342,72.5520919,3,71.0,1.775
c16_4,23.0348564,72.5520919,8,16657.15,416.429
c16_15,23.0368349,72.5520919,2,3848.79,96.22
c16_18,23.0373745,72.5520919,2,130.42,3.261
c16_25,23.0386335,72.5520919,2,282.85,7.071
c17_23,23.0382738,72.5522874,4,8.74,0.218
c17_22,23.0380939,72.5522874,21,119.84,2.996
c17_21,23.0379141,72.5522874,14,497.6,12.44
c17_14,23.036655,72.5522874,7,367.27,9.182
c17_9,23.0357557,72.5522874,14,10859.89,271.497
c17_4,23.0348564,72.5522874,2,3242.74,81.068
c17_20,23.0377342,72.5522874,3,83.08,2.077
c17_3,23.0346765,72.5522874,3,1579.85,39.496
c17_26,23.0388134,72.5522874,4,2415.35,60.384
c17_15,23.0368349,72.5522874,6,11838.12,295.953
c17_8,23.0355758,72.5522874,2,2.52,0.063
c17_25,23.0386335,72.5522874,1,172.31,4.308
c17_5,23.0350363,72.5522874,8,2183.75,54.594
c17_10,23.0359356,72.5522874,1,0.34,0.009
c17_13,23.0364752,72.5522874,2,9987.68,249.692
c17_12,23.0362953,72.5522874,1,186.62,4.666
c18_8,23.0355758,72.5524828,17,1437.67,35.942
c18_14,23.036655,72.5524828,7,2282.73,57.068
c18_12,23.0362953,72.5524828,7,6316.39,157.91
c18_6,23.0352161,72.5524828,7,2597.65,64.941
c18_13,23.0364752,72.5524828,13,8355.84,208.896
c18_22,23.0380939,72.5524828,15,832.93,20.823
c18_20,23.0377342,72.5524828,3,145.51,3.638
c18_5,23.0350363,72.5524828,4,1165.28,29.132
c18_4,23.0348564,72.5524828,3,1781.57,44.539
c18_10,23.0359356,72.5524828,15,872.3,21.808
c18_11,23.0361154,72.5524828,16,18709.77,467.744
c18_21,23.0379141,72.5524828,15,298.46,7.461
c18_23,23.0382738,72.5524828,4,6.1,0.152
c18_3,23.0346765,72.5524828,5,2366.16,59.154
c18_25,23.0386335,72.5524828,2,818.76,20.469
c18_26,23.0388134,72.5524828,7,966.46,24.162
c18_15,23.0368349,72.5524828,2,754.48,18.862
c18_9,23.0357557,72.5524828,4,375.77,9.394
c18_7,23.035396,72.5524828,3,4009.14,100.229
c18_19,23.0375544,72.5524828,41,298.18,7.454
c18_18,23.0373745,72.5524828,29,114.67,2.867
c19_18,23.0373745,72.5526783,22,239.78,5.995
c19_22,23.0380939,72.5526783,17,97.83,2.446
c19_8,23.0355758,72.5526783,15,4269.84,106.746
c19_21,23.0379141,72.5526783,9,303.52,7.588
c19_17,23.0371946,72.5526783,51,103.97,2.599
c19_20,23.0377342,72.5526783,17,256.21,6.405
c19_15,23.0368349,72.5526783,15,14054.88,351.372
c19_25,23.0386335,72.5526783,3,437.27,10.932
c19_7,23.035396,72.5526783,10,3735.39,93.385
c19_6,23.0352161,72.5526783,4,3176.12,79.403
c19_14,23.036655,72.5526783,3,130.6,3.265
c19_23,23.0382738,72.5526783,4,14.92,0.373
c19_4,23.0348564,72.5526783,7,1934.11,48.353
c19_26,23.0388134,72.5526783,6,5646.33,141.158
c19_16,23.0370148,72.5526783,42,89.89,2.247
c19_5,23.0350363,72.5526783,9,3980.14,99.503
c19_10,23.0359356,72.5526783,3,1193.03,29.826
c19_3,23.0346765,72.5526783,1,3.88,0.097
c19_9,23.0357557,72.5526783,1,330.18,8.254
c20_4,23.0348564,72.5528737,11,1096.35,27.409
c20_7,23.035396,72.5528737,12,1646.85,41.171
c20_6,23.0352161,72.5528737,6,1246.46,31.162
c20_17,23.0371946,72.5528737,8,2.53,0.063
c20_20,23.0377342,72.5528737,22,15.75,0.394
c20_9,23.0357557,72.5528737,6,2426.37,60.659
c20_14,23.036655,72.5528737,6,177.33,4.433
c20_22,23.0380939,72.5528737,16,1070.82,26.771
c20_23,23.0382738,72.5528737,3,2857.33,71.433
c20_5,23.0350363,72.5528737,8,703.3,17.583
c20_21,23.0379141,72.5528737,15,91.39,2.285
c20_8,23.0355758,72.5528737,9,5898.88,147.472
c20_3,23.0346765,72.5528737,3,256.74,6.419
c20_15,23.0368349,72.5528737,5,5134.66,128.366
c20_26,23.0388134,72.5528737,2,69.73,1.743
c20_10,23.0359356,72.5528737,2,1071.66,26.792
c20_12,23.0362953,72.5528737,2,821.9,20.548
c20_25,23.0386335,72.5528737,3,1153.43,28.836
c20_24,23.0384537,72.5528737,1,874.71,21.868
c21_20,23.0377342,72.5530692,35,7733.48,193.337
c21_19,23.0375544,72.5530692,35,3212.38,80.309
c21_24,23.0384537,72.5530692,4,5685.62,142.14
c21_5,23.0350363,72.5530692,1,263.66,6.591
c21_17,23.0371946,72.5530692,4,313.98,7.85
c21_15,23.0368349,72.5530692,7,8366.03,209.151
c21_14,23.036655,72.5530692,3,829.55,20.739
c21_21,23.0379141,72.5530692,3,1840.42,46.01
c21_9,23.0357557,72.5530692,6,2780.87,69.522
c21_22,23.0380939,72.5530692,2,720.63,18.016
c21_4,23.0348564,72.5530692,2,316.56,7.914
c21_25,23.0386335,72.5530692,2,381.15,9.529
c21_12,23.0362953,72.5530692,1,3633.51,90.838
c21_26,23.0388134,72.5530692,4,804.93,20.123
c21_18,23.0373745,72.5530692,2,137.06,3.426
c21_23,23.0382738,72.5530692,4,1352.18,33.805
c21_10,23.0359356,72.5530692,3,798.72,19.968
c21_16,23.0370148,72.5530692,5,630.85,15.771
c21_8,23.0355758,72.5530692,1,1567.47,39.187
c22_21,23.0379141,72.5532646,14,119.55,2.989
c22_25,23.0386335,72.5532646,4,643.22,16.08
c22_16,23.0370148,72.5532646,7,5139.3,128.482
c22_10,23.0359356,72.5532646,6,3255.71,81.393
c22_18,23.0373745,72.5532646,5,197.66,4.942
c22_26,23.0388134,72.5532646,5,450.48,11.262
c22_23,23.0382738,72.5532646,6,524.35,13.109
c22_17,23.0371946,72.5532646,5,4588.26,114.706
c22_22,23.0380939,72.5532646,15,517.44,12.936
c22_20,23.0377342,72.5532646,4,4.97,0.124
c22_9,23.0357557,72.5532646,7,344.16,8.604
c22_14,23.036655,72.5532646,2,3481.62,87.041
c22_15,23.0368349,72.5532646,4,1473.46,36.836
c22_7,23.035396,72.5532646,2,2080.28,52.007
c23_13,23.0364752,72.5534601,11,9169.67,229.242
c23_23,23.0382738,72.5534601,7,333.47,8.337
c23_12,23.0362953,72.5534601,8,3908.23,97.706
c23_16,23.0370148,72.5534601,44,2720.61,68.015
c23_22,23.0380939,72.5534601,19,848.19,21.205
c23_14,23.036655,72.5534601,2,7852.92,196.323
c23_11,23.0361154,72.5534601,6,4911.88,122.797
c23_10,23.0359356,72.5534601,7,170.93,4.273
c23_7,23.035396,72.5534601,1,186.35,4.659
c23_20,23.0377342,72.5534601,2,21.2,0.53
c23_21,23.0379141,72.5534601,9,94.58,2.364
c23_18,23.0373745,72.5534601,5,8179.02,204.476
c23_9,23.0357557,72.5534601,3,19927.99,498.2
c23_26,23.0388134,72.5534601,6,442.18,11.055
c23_17,23.0371946,72.5534601,3,1328.42,33.21
c23_8,23.0355758,72.5534601,3,1086.27,27.157
c23_15,23.0368349,72.5534601,6,142.81,3.57
c23_25,23.0386335,72.5534601,1,8.52,0.213
c24_22,23.0380939,72.5536555,14,408.03,10.201
c24_8,23.0355758,72.5536555,3,3711.62,92.79
c24_11,23.0361154,72.5536555,4,257.57,6.439
c24_13,23.0364752,72.5536555,9,4118.97,102.974
c24_21,23.0379141,72.5536555,19,236.28,5.907
c24_23,23.0382738,72.5536555,6,655.64,16.391
c24_18,23.0373745,72.5536555,6,1983.64,49.591
c24_25,23.0386335,72.5536555,6,241.57,6.039
c24_24,23.0384537,72.5536555,1,2.79,0.07
c24_20,23.0377342,72.5536555,4,82.05,2.051
c24_26,23.0388134,72.5536555,1,180.71,4.518
c24_12,23.0362953,72.5536555,2,386.13,9.653
c24_14,23.036655,72.5536555,6,3275.35,81.884
c24_10,23.0359356,72.5536555,4,43.45,1.086
c24_9,23.0357557,72.5536555,3,1072.23,26.806
c24_17,23.0371946,72.5536555,2,475.43,11.886
c24_16,23.0370148,72.5536555,3,21.89,0.547
c25_14,23.036655,72.553851,7,3714.24,92.856
c25_17,23.0371946,72.553851,104,272.95,6.824
c25_25,23.0386335,72.553851,11,20.78,0.519
c25_22,23.0380939,72.553851,10,531.91,13.298
c25_23,23.0382738,72.553851,8,225.88,5.647
c25_21,23.0379141,72.553851,9,388.74,9.719
c25_20,23.0377342,72.553851,4,6.2,0.155
c25_26,23.0388134,72.553851,3,2785.47,69.637
c25_18,23.0373745,72.553851,4,4618.22,115.456
c25_13,23.0364752,72.553851,3,1207.75,30.194
c25_16,23.0370148,72.553851,13,114.41,2.86
c25_15,23.0368349,72.553851,2,279.54,6.988
c26_17,23.0371946,72.5540464,7,3647.34,91.184
c26_16,23.0370148,72.5540464,8,2483.26,62.082
c26_25,23.0386335,72.5540464,6,94.11,2.353
c26_22,23.0380939,72.5540464,6,297.9,7.448
c26_23,23.0382738,72.5540464,3,276.57,6.914
c26_21,23.0379141,72.5540464,6,44.82,1.121
c26_14,23.036655,72.5540464,5,4230.42,105.761
c26_18,23.0373745,72.5540464,4,2172.88,54.322
c26_15,23.0368349,72.5540464,5,4573.07,114.327
c26_20,23.0377342,72.5540464,1,22.45,0.561
c26_26,23.0388134,72.5540464,2,809.0,20.225
c26_13,23.0364752,72.5540464,4,356.72,8.918
c27_16,23.0370148,72.5542419,7,2795.16,69.879
c27_15,23.0368349,72.5542419,23,1395.4,34.885
c27_18,23.0373745,72.5542419,5,1863.89,46.597
c27_14,23.036655,72.5542419,7,2396.92,59.923
c27_25,23.0386335,72.5542419,4,184.57,4.614
c27_26,23.0388134,72.5542419,3,3224.7,80.618
c27_17,23.0371946,72.5542419,6,2719.53,67.988
c27_13,23.0364752,72.5542419,6,803.07,20.077
c27_24,23.0384537,72.5542419,1,161.34,4.034
c28_17,23.0371946,72.5544373,13,2422.66,60.567
c28_14,23.036655,72.5544373,13,568.11,14.203
c28_16,23.0370148,72.5544373,2,768.79,19.22
c28_24,23.0384537,72.5544373,8,1012.88,25.322
c28_18,23.0373745,72.5544373,3,3772.63,94.316
c28_25,23.0386335,72.5544373,29,1385.87,34.647
c28_13,23.0364752,72.5544373,3,1.28,0.032
c28_23,23.0382738,72.5544373,35,4520.92,113.023
c28_26,23.0388134,72.5544373,2,1800.89,45.022
c28_21,23.0379141,72.5544373,5,403.74,10.093
c28_19,23.0375544,72.5544373,3,1164.08,29.102
c28_20,23.0377342,72.5544373,1,179.99,4.5
c29_17,23.0371946,72.5546328,9,1766.96,44.174
c29_22,23.0380939,72.5546328,1,2128.44,53.211
c29_20,23.0377342,72.5546328,2,862.1,21.553
c29_16,23.0370148,72.5546328,8,336.34,8.409
c29_18,23.0373745,72.5546328,4,383.05,9.576
c29_21,23.0379141,72.5546328,2,5192.66,129.817
c29_19,23.0375544,72.5546328,5,9840.3,246.007
c29_14,23.036655,72.5546328,6,107.83,2.696
c29_15,23.0368349,72.5546328,5,4382.67,109.567
c29_13,23.0364752,72.5546328,1,15188.68,379.717
c30_14,23.036655,72.5548282,1,697.34,17.434
c30_13,23.0364752,72.5548282,1,4882.8,122.07
